Category,Brand,Condition,BodyType,ActualPrice,RecyclePossible,ReusePossible,YearsUsed,Running,FinalPrice
Other,Philips,Excellent,Plastic,9314,True,True,1,True,1046.59
Smartphone,Samsung,Excellent,Metal,103907,True,True,4,True,14346.86
Accessories,boAt,Poor,Plastic,2107,True,True,0,False,200.0
Smartphone,OPPO,Excellent,Mixed,51565,True,True,3,True,8816.47
Smartphone,Motorola,Good,Mixed,35700,True,True,3,True,5092.14
Smartphone,OnePlus,Poor,Metal,41714,True,False,2,False,894.81
Television,Hisense,Broken,Plastic,94840,True,False,3,False,962.68
Television,Hisense,Average,Plastic,57504,True,False,7,False,879.23
Television,TCL,Good,Plastic,89341,True,True,4,True,9602.45
Refrigerator,LG,Good,Metal,93579,True,True,3,True,10078.94
Laptop,LG,Good,Metal,73743,True,True,2,True,15760.21
Accessories,MI,Average,Mixed,894,False,True,2,True,200.0
Other,Toshiba,Excellent,Metal,16867,True,True,5,True,1196.64
Accessories,Samsung,Poor,Plastic,12468,True,True,1,False,373.07
Accessories,Apple,Average,Plastic,3832,True,False,5,False,200.0
Smartphone,OnePlus,Poor,Mixed,17613,False,False,2,False,0.0
Accessories,Sony,Excellent,Plastic,11007,True,True,5,True,853.72
Other,Panasonic,Average,Plastic,24009,True,True,6,True,901.65
Television,Samsung,Average,Plastic,87728,True,True,2,True,8569.99
Television,Samsung,Average,Plastic,157248,False,True,4,True,18519.31
Refrigerator,LG,Poor,Metal,44957,True,False,0,True,2652.0
Other,Philips,Average,Mixed,5224,False,True,9,True,200.0
Laptop,Asus,Average,Plastic,49050,True,True,6,True,5867.86
Accessories,Samsung,Excellent,Mixed,2241,True,True,2,True,327.41
Laptop,MSI,Poor,Plastic,45565,True,True,4,False,2484.3
Other,Generic,Average,Metal,8222,True,False,5,True,484.05
Other,Toshiba,Excellent,Metal,18477,True,True,2,True,1791.92
Smartphone,Apple,Average,Metal,40713,True,True,4,False,2078.57
Other,Generic,Average,Plastic,10544,True,True,6,True,498.48
Television,TCL,Good,Metal,24508,True,True,2,True,3963.51
Accessories,boAt,Excellent,Plastic,1363,True,True,0,True,290.63
Accessories,Apple,Average,Plastic,12868,True,False,3,True,312.6
Other,Generic,Excellent,Plastic,8901,True,True,2,True,888.41
Smartphone,Apple,Average,Mixed,30778,True,False,4,True,1200.01
Other,Sharp,Average,Metal,2316,True,False,5,True,446.31
Smartphone,Vivo,Average,Plastic,20352,False,True,4,True,3156.98
Smartphone,Vivo,Good,Metal,18736,True,True,2,True,3464.44
Laptop,Lenovo,Broken,Mixed,79040,True,False,2,True,2096.29
Other,Panasonic,Good,Mixed,5542,True,True,2,True,568.37
Television,Sony,Poor,Mixed,88438,True,True,10,True,3281.21
Television,Sony,Average,Plastic,170565,True,True,5,True,11652.39
Television,Samsung,Excellent,Plastic,220983,False,True,5,True,33641.24
Accessories,JBL,Good,Metal,813,True,True,5,True,200.0
Laptop,Apple,Good,Mixed,131559,True,True,5,True,19133.69
Other,Sharp,Good,Mixed,20166,False,True,4,True,1883.11
Laptop,Acer,Good,Mixed,64829,True,True,0,True,17826.11
Refrigerator,Panasonic,Good,Metal,64168,True,True,6,True,5421.57
Smartphone,OnePlus,Average,Metal,25050,False,True,4,True,3751.81
Smartphone,Nokia,Good,Mixed,24742,True,True,1,True,4767.24
Smartphone,OPPO,Good,Mixed,57607,True,True,0,True,11654.74
Refrigerator,Panasonic,Average,Metal,32794,True,False,6,False,2818.41
Accessories,Anker,Poor,Plastic,2103,True,False,3,False,200.0
Other,Toshiba,Poor,Metal,22537,True,False,3,True,454.51
Television,Sony,Poor,Plastic,69539,True,False,8,True,2482.94
Refrigerator,Whirlpool,Average,Metal,25555,True,True,12,False,1462.82
Accessories,Anker,Good,Mixed,3246,False,True,3,True,373.0
Other,Generic,Poor,Mixed,17998,True,False,4,True,406.23
Other,Sharp,Average,Mixed,6182,False,True,6,False,200.0
Other,Philips,Excellent,Metal,17128,True,True,3,True,1430.38
Refrigerator,Whirlpool,Average,Metal,28532,True,True,6,False,1739.42
Laptop,HP,Poor,Metal,29067,True,True,2,False,2132.54
Other,Philips,Average,Plastic,24920,True,True,7,True,896.64
Laptop,Acer,Excellent,Plastic,65888,True,True,1,True,18262.71
Accessories,JBL,Excellent,Metal,5718,True,True,1,True,732.95
Other,Toshiba,Excellent,Mixed,2414,True,True,7,True,291.48
Refrigerator,Panasonic,Excellent,Metal,46193,True,True,1,True,7906.15
Refrigerator,Bosch,Average,Metal,131635,True,False,2,True,2673.43
Refrigerator,Godrej,Average,Metal,13880,True,True,9,True,1516.74
Television,Vizio,Average,Plastic,16330,True,True,3,True,2376.85
Laptop,Sony,Average,Metal,49520,True,True,1,True,9855.0
Refrigerator,Godrej,Average,Metal,60885,True,True,5,True,4452.39
Other,Panasonic,Good,Mixed,26975,True,True,4,True,1658.82
Accessories,boAt,Broken,Mixed,3226,True,False,3,False,201.37
Television,Samsung,Broken,Plastic,212823,True,False,4,False,892.9
Smartphone,Realme,Good,Metal,24082,True,True,4,False,1689.26
Refrigerator,Samsung,Average,Metal,39887,True,True,8,True,2693.37
Refrigerator,Godrej,Average,Metal,62835,True,True,6,True,4500.49
Television,Vizio,Average,Plastic,112004,True,False,3,True,2591.97
Smartphone,Xiaomi,Good,Mixed,22258,True,True,4,True,3000.34
Other,Toshiba,Average,Metal,24524,True,True,2,True,1569.16
Laptop,MSI,Excellent,Plastic,84056,True,True,9,True,9021.51
Other,Generic,Broken,Metal,17358,False,False,8,False,0.0
Accessories,MI,Good,Plastic,4339,True,True,4,True,379.75
Accessories,Apple,Broken,Plastic,6415,True,False,2,False,200.0
Refrigerator,Whirlpool,Good,Metal,53601,True,False,8,True,2650.51
Television,Hisense,Excellent,Plastic,68955,False,True,11,True,5228.84
Accessories,Apple,Good,Plastic,7296,False,True,2,True,991.71
Smartphone,Motorola,Good,Plastic,45976,True,True,7,True,4051.0
Accessories,Sony,Broken,Plastic,13440,True,True,2,False,200.0
Television,Vizio,Excellent,Plastic,44451,True,True,9,False,1666.47
Refrigerator,Panasonic,Good,Metal,39229,True,False,4,True,2727.68
Refrigerator,LG,Broken,Metal,135255,True,True,7,False,1613.43
Accessories,boAt,Poor,Plastic,3245,True,False,1,False,200.0
Refrigerator,Godrej,Good,Metal,61995,True,True,3,True,7164.89
Accessories,Anker,Good,Metal,1157,False,True,1,True,200.0
Other,Panasonic,Good,Plastic,18459,True,True,4,False,573.28
Refrigerator,Samsung,Average,Metal,105823,True,True,5,False,4116.03
Refrigerator,Panasonic,Excellent,Metal,56194,True,True,8,True,4610.48
Accessories,Apple,Average,Plastic,13213,True,False,1,False,200.0
Smartphone,Apple,Good,Mixed,28794,True,True,1,True,5227.98
Accessories,Anker,Average,Metal,2192,True,True,4,True,247.64
Accessories,Sony,Good,Plastic,9529,True,True,1,True,995.82
Laptop,HP,Good,Metal,102014,True,False,2,True,3321.08
Television,LG,Broken,Mixed,57958,True,False,5,False,1131.49
Television,Samsung,Broken,Plastic,101953,True,False,6,True,2977.64
Accessories,MI,Poor,Mixed,2685,True,False,1,False,204.84
Other,Panasonic,Average,Mixed,23179,True,False,4,True,408.65
Laptop,HP,Poor,Metal,79460,True,True,6,True,6047.6
Television,Panasonic,Excellent,Mixed,78156,True,True,4,True,9589.5
Smartphone,Xiaomi,Average,Metal,56323,False,False,5,False,0.0
Accessories,Logitech,Excellent,Plastic,2966,True,True,2,True,397.96
Other,Toshiba,Excellent,Plastic,2820,True,True,8,True,266.5
Other,Sharp,Poor,Plastic,15379,True,True,6,True,500.86
Laptop,LG,Excellent,Metal,186608,True,True,5,True,29676.25
Refrigerator,Godrej,Good,Mixed,14144,True,True,12,True,1376.85
Other,Toshiba,Average,Mixed,13753,False,True,8,True,604.67
Refrigerator,Samsung,Average,Metal,98269,True,True,7,False,3441.25
Laptop,HP,Poor,Metal,101858,True,False,7,True,2230.83
Accessories,Apple,Good,Mixed,4129,True,True,0,True,543.03
Television,Panasonic,Poor,Plastic,17068,True,True,11,True,1440.83
Refrigerator,Haier,Poor,Metal,19146,True,True,10,False,1338.88
Other,Generic,Good,Mixed,3020,True,True,1,True,417.98
Refrigerator,Samsung,Poor,Metal,39442,True,True,10,True,1906.37
Accessories,boAt,Good,Plastic,1612,True,True,2,True,252.75
Laptop,MSI,Good,Plastic,133848,True,True,4,True,21316.63
Television,Sony,Broken,Plastic,154326,True,False,8,True,2500.53
Other,Toshiba,Poor,Metal,21217,True,False,3,False,294.65
Other,Sharp,Poor,Mixed,11425,True,False,8,False,226.21
Other,Sharp,Good,Plastic,29701,True,True,7,True,1250.05
Accessories,Apple,Average,Plastic,13361,True,True,4,True,726.53
Smartphone,Xiaomi,Poor,Mixed,38265,False,False,4,True,0.0
Smartphone,Motorola,Good,Metal,34340,True,True,2,True,5782.26
Smartphone,Xiaomi,Excellent,Mixed,56169,True,True,1,True,11687.83
Laptop,LG,Excellent,Metal,119251,True,True,1,True,31891.05
Accessories,Apple,Excellent,Plastic,5460,True,True,3,True,553.57
Refrigerator,LG,Excellent,Metal,50161,True,True,2,True,7749.56
Smartphone,OPPO,Excellent,Mixed,32516,True,True,4,True,4770.54
Smartphone,Vivo,Excellent,Mixed,42152,True,True,6,True,4887.39
Accessories,Anker,Average,Plastic,3341,True,True,5,False,200.0
Accessories,JBL,Poor,Plastic,2009,True,True,1,True,216.33
Other,Philips,Excellent,Mixed,18191,True,True,2,True,1753.62
Other,Generic,Good,Mixed,12359,True,True,3,True,917.12
Smartphone,Vivo,Average,Metal,41616,True,True,7,True,3188.22
Smartphone,Motorola,Good,Mixed,14688,True,True,6,True,1804.73
Laptop,Dell,Good,Mixed,70015,True,True,0,False,10085.45
Refrigerator,Godrej,Average,Metal,36435,True,True,3,False,2413.64
Other,Toshiba,Excellent,Plastic,24229,False,True,6,True,2119.43
Accessories,Sony,Good,Plastic,4317,True,True,5,False,200.0
Other,Philips,Good,Plastic,27941,True,True,2,True,2250.67
Accessories,Samsung,Average,Plastic,7928,False,True,0,True,1014.33
Refrigerator,LG,Good,Metal,30114,True,True,6,True,3133.32
Accessories,Apple,Average,Mixed,12125,True,True,0,True,1107.87
Laptop,Sony,Excellent,Metal,107267,True,True,0,True,32740.18
Laptop,Acer,Broken,Metal,50430,False,False,7,False,0.0
Refrigerator,Bosch,Good,Metal,89135,True,True,4,True,9020.54
Smartphone,Nokia,Poor,Mixed,18723,True,False,6,False,806.76
Laptop,Acer,Good,Metal,82340,True,True,3,True,16367.69
Refrigerator,Samsung,Good,Metal,70615,True,True,4,False,4299.22
Other,Toshiba,Poor,Plastic,11400,False,False,2,False,0.0
Other,Sharp,Good,Plastic,4596,True,True,2,True,495.67
Refrigerator,Samsung,Poor,Metal,35970,True,False,7,True,2676.84
Smartphone,Nokia,Average,Plastic,45775,True,True,3,True,4997.92
Accessories,Anker,Good,Plastic,5088,True,True,5,False,211.73
Accessories,Apple,Good,Plastic,12414,True,True,0,True,1324.16
Laptop,HP,Poor,Metal,68583,True,False,5,True,2468.54
Other,Sharp,Broken,Metal,7972,True,True,6,False,200.0
Smartphone,OnePlus,Poor,Metal,32321,True,False,3,False,903.13
Other,Panasonic,Good,Mixed,3566,True,True,4,True,367.53
Other,Sharp,Poor,Plastic,8121,False,False,6,False,0.0
Accessories,boAt,Poor,Metal,1446,True,False,1,False,220.51
Smartphone,Apple,Good,Metal,83447,True,True,2,True,12466.69
Television,Vizio,Broken,Plastic,118740,True,True,2,False,1229.88
Other,Panasonic,Broken,Plastic,21908,True,False,5,False,200.0
Other,Toshiba,Good,Mixed,3061,False,True,5,True,243.99
Smartphone,Xiaomi,Average,Metal,54569,True,False,4,True,1246.49
Accessories,Anker,Poor,Plastic,2932,True,True,0,False,200.0
Laptop,HP,Excellent,Plastic,47630,True,True,4,True,10191.7
Television,Hisense,Good,Plastic,86063,True,True,7,True,6622.64
Laptop,Apple,Average,Plastic,97685,True,True,4,False,6764.02
Refrigerator,Bosch,Broken,Metal,135899,False,False,11,True,0.0
Other,Sharp,Average,Mixed,28979,True,True,8,True,882.81
Accessories,Logitech,Excellent,Mixed,5316,False,True,2,True,817.79
Smartphone,Apple,Average,Metal,46229,True,True,5,True,4337.26
Smartphone,Realme,Good,Mixed,29986,True,True,7,True,2800.49
Accessories,Sony,Excellent,Plastic,11914,True,True,2,True,1185.22
Other,Generic,Good,Plastic,20747,True,True,5,True,1139.83
Television,TCL,Good,Mixed,68227,True,True,5,True,6598.74
Laptop,Apple,Average,Metal,128706,False,False,0,False,0.0
Laptop,Apple,Average,Plastic,108370,True,True,6,True,10784.76
Refrigerator,Bosch,Average,Metal,133417,False,False,4,False,0.0
Other,Toshiba,Good,Plastic,18866,True,True,7,True,839.76
Refrigerator,LG,Good,Metal,26624,True,True,5,True,3080.66
Smartphone,Apple,Good,Mixed,72943,True,True,1,True,12571.23
Accessories,boAt,Excellent,Plastic,5304,True,False,3,True,267.89
Smartphone,OPPO,Good,Mixed,48558,True,True,3,False,3559.18
Smartphone,Samsung,Excellent,Metal,87094,True,True,5,True,11425.12
Television,LG,Good,Plastic,108442,True,True,5,True,9896.82
Refrigerator,Bosch,Excellent,Metal,34366,True,True,6,True,3860.32
Smartphone,Nokia,Good,Mixed,49910,True,True,0,True,10268.15
Accessories,Anker,Excellent,Plastic,1058,True,True,0,True,240.56
Refrigerator,Panasonic,Good,Metal,52073,True,True,4,False,3134.43
Laptop,LG,Good,Metal,182750,True,False,2,True,3372.2
Accessories,Logitech,Average,Mixed,2965,True,True,1,True,327.41
Television,Panasonic,Good,Plastic,107404,True,True,5,True,10046.89
Television,Samsung,Average,Plastic,133424,True,False,1,False,929.35
Television,Hisense,Excellent,Mixed,100979,True,True,3,True,14043.53
Other,Toshiba,Excellent,Mixed,21229,False,True,1,True,3270.43
Laptop,Dell,Excellent,Metal,86918,True,True,2,True,22412.76
Refrigerator,Panasonic,Broken,Metal,43290,True,False,6,False,2584.12
Smartphone,Apple,Average,Metal,119780,False,True,2,False,11361.5
Laptop,Dell,Broken,Metal,89930,True,False,1,False,1341.05
Smartphone,Samsung,Good,Mixed,68914,True,False,2,True,1258.47
Laptop,LG,Good,Plastic,74529,True,True,0,True,19417.38
Television,Panasonic,Good,Plastic,40318,True,True,10,True,2879.75
Smartphone,OPPO,Average,Plastic,21215,True,False,2,True,1201.36
Refrigerator,Bosch,Good,Metal,96344,True,True,4,True,9010.93
Smartphone,Nokia,Good,Metal,44933,True,True,4,False,3041.76
Television,Sony,Average,Plastic,65014,False,True,3,True,8530.34
Other,Generic,Poor,Mixed,28279,True,True,8,False,357.25
Smartphone,Motorola,Good,Mixed,17118,True,True,2,False,1626.63
Accessories,Sony,Excellent,Mixed,9239,True,True,5,True,703.22
Smartphone,Nokia,Excellent,Metal,48956,True,True,1,True,10276.08
Smartphone,OnePlus,Average,Plastic,34579,True,True,3,False,2197.83
Refrigerator,Samsung,Good,Metal,37750,True,False,6,True,2657.0
Refrigerator,Haier,Poor,Metal,36618,True,False,10,True,2501.81
Television,Samsung,Excellent,Plastic,168632,True,True,1,True,29133.16
Refrigerator,Panasonic,Average,Metal,36856,True,True,2,False,2658.06
Other,Philips,Excellent,Mixed,22149,True,True,9,True,884.96
Smartphone,Nokia,Average,Mixed,15190,True,True,3,True,2081.13
Smartphone,Xiaomi,Average,Metal,59940,True,True,6,True,4582.69
Laptop,LG,Good,Metal,60979,True,True,9,True,6262.03
Accessories,MI,Excellent,Plastic,3922,True,True,1,True,516.91
Accessories,MI,Good,Plastic,1982,True,True,0,True,330.17
Laptop,MSI,Good,Plastic,65727,True,True,4,False,5956.72
Television,TCL,Average,Plastic,24539,True,False,3,True,2752.01
Refrigerator,LG,Poor,Metal,145438,True,True,9,False,2914.97
Refrigerator,LG,Average,Metal,71987,True,True,8,False,2472.52
Television,Sony,Good,Plastic,160358,True,True,0,True,25238.65
Laptop,Apple,Good,Plastic,103005,True,True,8,True,10955.6
Television,LG,Good,Plastic,179366,True,True,6,True,13563.59
Refrigerator,Panasonic,Average,Metal,23025,True,True,6,False,1655.44
Accessories,Apple,Average,Mixed,3217,True,True,1,False,200.0
Laptop,HP,Average,Plastic,91287,True,True,3,True,14022.64
Other,Sharp,Excellent,Metal,15478,True,True,3,True,1294.5
Other,Sharp,Poor,Mixed,5506,True,False,8,False,245.75
Television,Panasonic,Good,Metal,25357,True,True,10,True,2302.63
Other,Philips,Average,Mixed,26890,True,True,4,True,1314.7
Other,Panasonic,Excellent,Mixed,23132,False,True,7,True,1632.77
Accessories,Apple,Good,Mixed,13342,True,True,0,True,1535.91
Accessories,Apple,Excellent,Mixed,2256,True,True,2,True,340.96
Smartphone,Realme,Excellent,Metal,37503,True,True,7,True,4153.48
Other,Philips,Average,Mixed,3759,True,True,0,True,438.42
Accessories,Anker,Broken,Plastic,5994,True,False,4,False,200.0
Refrigerator,Haier,Good,Metal,36908,True,True,12,True,2215.21
Laptop,MSI,Average,Metal,147137,True,True,1,True,26183.63
Television,Samsung,Excellent,Plastic,147661,True,True,8,True,10609.25
Accessories,Logitech,Poor,Plastic,4189,False,True,1,True,345.21
Laptop,LG,Excellent,Metal,81396,True,True,2,True,19737.08
Television,TCL,Poor,Plastic,47321,True,False,6,False,961.83
Laptop,Acer,Excellent,Metal,106289,True,True,0,True,34239.75
Other,Generic,Excellent,Plastic,24783,False,True,3,True,3182.5
Television,Hisense,Average,Plastic,90481,True,True,10,False,1864.43
Accessories,JBL,Average,Plastic,5306,False,True,4,True,401.65
Television,Panasonic,Average,Mixed,119288,True,True,10,False,2291.16
Laptop,MSI,Poor,Plastic,170628,True,False,4,False,1771.98
Refrigerator,Godrej,Excellent,Mixed,57982,True,True,12,True,3074.35
Other,Toshiba,Excellent,Mixed,20455,True,True,5,False,710.92
Refrigerator,Samsung,Excellent,Metal,86935,True,True,3,True,10847.41
Refrigerator,Bosch,Average,Metal,39758,True,True,9,True,2499.31
Smartphone,Xiaomi,Good,Metal,25557,True,True,2,True,4372.94
Smartphone,Realme,Excellent,Mixed,13480,True,True,2,True,2965.41
Laptop,LG,Excellent,Plastic,191761,True,True,8,True,21353.54
Other,Sharp,Good,Mixed,8465,True,True,7,True,468.95
Other,Philips,Average,Mixed,19592,True,True,3,True,1131.27
Accessories,Logitech,Average,Plastic,5608,True,True,1,True,500.02
Television,Vizio,Average,Plastic,56049,True,True,1,True,6907.14
Refrigerator,Godrej,Excellent,Metal,24173,True,True,2,True,4215.16
Laptop,Sony,Good,Plastic,163227,False,True,5,True,36553.2
Laptop,MSI,Broken,Metal,174753,True,False,5,False,1384.28
Laptop,HP,Average,Metal,53905,True,True,0,True,11717.69
Other,Sharp,Average,Plastic,5742,False,True,9,True,213.51
Smartphone,Nokia,Average,Mixed,18711,True,True,3,False,1279.04
Television,Sony,Poor,Plastic,60772,True,True,8,False,1266.76
Other,Generic,Average,Plastic,6562,False,False,3,False,0.0
Accessories,Logitech,Average,Plastic,2179,True,True,2,True,246.93
Other,Philips,Excellent,Mixed,15487,False,False,7,True,0.0
Laptop,Lenovo,Good,Metal,57447,True,True,6,True,8006.46
Refrigerator,Haier,Good,Metal,69679,True,True,1,True,10208.58
Refrigerator,Haier,Good,Plastic,62733,False,True,9,True,4788.88
Other,Toshiba,Poor,Mixed,15032,True,False,3,True,400.56
Television,Sony,Average,Plastic,157228,True,False,10,False,881.91
Other,Sharp,Excellent,Mixed,7176,False,True,5,True,661.37
Other,Panasonic,Poor,Plastic,10979,True,False,1,True,392.5
Other,Panasonic,Excellent,Mixed,25789,True,True,4,True,1761.79
Refrigerator,Samsung,Excellent,Metal,109126,True,True,11,True,5653.06
Other,Panasonic,Good,Plastic,4927,True,True,2,True,501.13
Laptop,Lenovo,Excellent,Metal,104995,True,True,2,True,24916.38
Refrigerator,Godrej,Average,Metal,17681,True,True,13,False,1310.18
Refrigerator,Whirlpool,Poor,Metal,54245,True,False,13,True,2758.1
Other,Philips,Poor,Mixed,11884,True,False,9,True,410.91
Other,Philips,Poor,Mixed,9842,True,True,3,False,261.25
Smartphone,Vivo,Broken,Plastic,49249,True,False,1,False,845.07
Smartphone,Samsung,Average,Plastic,53277,True,True,1,True,7530.16
Accessories,Anker,Good,Plastic,5195,True,True,3,True,482.54
Laptop,LG,Good,Metal,62331,False,True,0,True,25798.31
Laptop,HP,Broken,Plastic,105254,True,False,5,False,1310.16
Smartphone,Samsung,Average,Mixed,46473,True,True,3,True,5117.01
Television,LG,Average,Mixed,222134,True,False,4,False,1093.26
Television,Vizio,Excellent,Metal,90582,True,True,5,True,9952.39
Laptop,Apple,Excellent,Metal,195447,True,True,2,True,48241.61
Smartphone,OnePlus,Excellent,Metal,21835,True,True,4,True,3613.66
Other,Sharp,Good,Plastic,25602,True,True,0,True,2531.43
Smartphone,Xiaomi,Good,Mixed,15009,True,True,6,False,1035.38
Television,Samsung,Average,Plastic,82604,True,False,1,True,2579.97
Television,Vizio,Broken,Mixed,116696,True,False,2,False,977.5
Smartphone,OPPO,Excellent,Mixed,53677,False,True,5,True,10227.64
Other,Sharp,Poor,Mixed,5406,True,False,1,True,458.74
Laptop,Acer,Excellent,Mixed,93125,True,True,4,True,18266.36
Accessories,Sony,Average,Plastic,11697,False,True,2,True,1146.56
Television,Panasonic,Good,Mixed,106845,True,True,7,True,8029.82
Laptop,HP,Excellent,Plastic,86086,True,True,3,True,18864.14
Refrigerator,Whirlpool,Poor,Plastic,64926,True,False,8,False,2088.55
Television,LG,Excellent,Plastic,123255,True,True,1,True,20044.52
Refrigerator,Bosch,Good,Metal,52748,True,True,7,True,3941.61
Laptop,Lenovo,Good,Metal,114952,True,True,5,True,17228.44
Smartphone,Apple,Good,Mixed,41880,True,True,3,True,6241.64
Smartphone,Xiaomi,Broken,Metal,59476,True,True,1,False,934.77
Laptop,Acer,Good,Mixed,29541,True,True,4,True,6002.11
Refrigerator,Samsung,Excellent,Metal,74949,True,True,2,True,11153.69
Smartphone,OPPO,Poor,Metal,47685,True,True,0,False,2756.52
Smartphone,Vivo,Average,Plastic,30411,True,False,7,True,1295.64
Laptop,Lenovo,Excellent,Metal,59934,True,True,2,True,15958.15
Accessories,Anker,Good,Mixed,2223,True,True,0,True,369.19
Smartphone,Vivo,Broken,Mixed,48903,True,False,4,False,962.79
Accessories,boAt,Excellent,Plastic,1260,True,True,0,True,261.93
Laptop,Lenovo,Good,Plastic,67413,True,True,3,True,12447.19
Accessories,Logitech,Broken,Plastic,4040,True,False,0,False,200.0
Other,Sharp,Poor,Mixed,23272,True,False,2,True,452.73
Accessories,Logitech,Good,Plastic,2236,True,True,0,True,325.23
Other,Generic,Good,Mixed,20595,False,True,4,True,1978.01
Laptop,HP,Broken,Plastic,35198,True,False,4,False,1346.33
Smartphone,Vivo,Good,Metal,28353,True,True,1,True,5172.4
Refrigerator,Panasonic,Good,Metal,39133,True,True,1,True,5901.43
Accessories,JBL,Excellent,Plastic,1073,False,True,1,True,200.0
Laptop,MSI,Excellent,Plastic,69406,True,False,1,True,3330.88
Refrigerator,Panasonic,Excellent,Metal,22295,False,True,10,True,1722.8
Accessories,boAt,Average,Plastic,1585,True,True,5,True,200.0
Refrigerator,Samsung,Good,Metal,98671,True,True,6,True,7965.57
Refrigerator,Bosch,Excellent,Metal,81727,True,True,11,True,4348.49
Refrigerator,Whirlpool,Good,Plastic,40818,True,True,7,True,3281.52
Other,Philips,Excellent,Plastic,19742,True,True,0,True,2246.72
Accessories,Anker,Broken,Plastic,4689,True,False,5,False,200.0
Other,Philips,Average,Mixed,28229,True,False,6,True,457.74
Refrigerator,LG,Broken,Metal,47772,True,True,3,False,1457.17
Other,Panasonic,Poor,Plastic,25825,True,True,2,False,555.88
Television,Vizio,Good,Mixed,118094,True,True,10,True,5881.58
Accessories,Samsung,Broken,Plastic,3654,False,False,1,False,0.0
Refrigerator,Whirlpool,Good,Metal,51908,True,True,6,True,4610.16
Refrigerator,Samsung,Good,Metal,110507,True,True,7,True,7305.42
Television,Sony,Good,Plastic,212500,True,False,1,True,2611.46
Other,Sharp,Poor,Plastic,25881,True,False,3,False,200.0
Refrigerator,Panasonic,Good,Metal,36504,True,True,4,True,4167.4
Laptop,LG,Poor,Plastic,95531,True,True,6,False,3458.41
Television,Hisense,Good,Plastic,75846,True,True,3,True,8793.1
Accessories,MI,Excellent,Mixed,5607,True,True,4,True,538.67
Smartphone,Realme,Excellent,Plastic,49503,True,True,2,True,8949.03
Other,Sharp,Average,Mixed,27151,True,True,2,True,1677.43
Laptop,Acer,Average,Mixed,118420,True,True,2,False,9851.43
Television,LG,Good,Plastic,246088,True,True,2,True,31714.12
Television,Vizio,Average,Plastic,54121,True,True,7,True,3581.91
Television,Sony,Average,Mixed,200778,True,True,4,True,15718.62
Accessories,Anker,Average,Plastic,1008,True,False,1,True,285.28
Refrigerator,Panasonic,Excellent,Metal,49489,True,True,1,True,8537.89
Refrigerator,Panasonic,Good,Metal,23140,True,True,3,True,3161.15
Television,Hisense,Poor,Metal,38995,True,False,10,False,1038.9
Laptop,Acer,Good,Mixed,73717,True,True,1,True,18452.45
Accessories,Samsung,Good,Plastic,3963,True,True,1,True,473.98
Laptop,Asus,Good,Mixed,84974,True,True,4,True,13978.94
Laptop,Apple,Average,Plastic,116703,True,False,1,True,2981.4
Smartphone,Xiaomi,Average,Mixed,38436,True,True,6,True,3213.77
Smartphone,Vivo,Average,Mixed,13174,True,True,1,True,2214.87
Laptop,HP,Good,Metal,46891,True,True,2,True,10606.63
Accessories,Logitech,Good,Plastic,1896,True,True,1,True,286.58
Refrigerator,Samsung,Good,Metal,37197,True,True,2,True,5198.85
Smartphone,OPPO,Poor,Metal,47044,True,False,3,False,875.54
Smartphone,Samsung,Average,Metal,74840,True,True,3,True,8199.46
Smartphone,Realme,Good,Plastic,46098,True,True,0,True,9105.37
Other,Generic,Excellent,Plastic,5482,True,True,5,True,489.31
Television,Hisense,Good,Plastic,86845,False,True,8,True,7829.37
Smartphone,Samsung,Average,Mixed,100255,True,True,7,True,6712.94
Smartphone,Realme,Average,Metal,31400,True,True,0,True,5389.21
Television,Panasonic,Average,Plastic,30191,True,False,4,True,2911.49
Other,Panasonic,Good,Mixed,22375,True,True,1,True,1900.46
Refrigerator,Haier,Good,Metal,67749,True,True,7,True,4816.48
Other,Philips,Broken,Mixed,5398,False,False,4,False,0.0
Other,Sharp,Good,Plastic,13750,False,True,8,True,773.78
Laptop,Sony,Broken,Plastic,152815,True,True,6,False,1554.96
Accessories,JBL,Broken,Plastic,3571,True,False,1,False,200.0
Other,Panasonic,Good,Mixed,23017,True,True,0,True,2203.23
Other,Panasonic,Average,Metal,18247,True,True,9,False,326.0
Smartphone,Motorola,Good,Mixed,38429,True,True,1,True,6795.19
Refrigerator,Haier,Good,Mixed,60839,True,True,12,True,2791.48
Smartphone,Realme,Poor,Mixed,54899,True,False,5,False,801.55
Laptop,Sony,Good,Metal,169029,True,True,6,True,21567.13
Smartphone,Vivo,Good,Mixed,31135,True,True,6,True,3344.08
Other,Sharp,Excellent,Mixed,8145,True,True,4,True,690.11
Television,Samsung,Average,Plastic,196000,True,True,9,False,4070.4
Accessories,Sony,Broken,Plastic,14062,True,False,0,True,289.01
Accessories,Sony,Average,Plastic,4103,True,True,4,True,311.11
Refrigerator,Godrej,Poor,Metal,29930,True,True,3,True,2632.02
Accessories,boAt,Poor,Plastic,3371,True,False,0,False,200.0
Accessories,boAt,Average,Mixed,1886,False,True,1,False,200.0
Other,Toshiba,Average,Mixed,20424,True,True,5,True,940.63
Accessories,boAt,Poor,Plastic,904,True,True,1,False,200.0
Laptop,Acer,Average,Plastic,33130,True,True,2,True,6320.27
Smartphone,Motorola,Poor,Mixed,48783,True,False,2,True,914.52
Other,Philips,Broken,Plastic,27824,True,False,5,False,200.0
Television,LG,Average,Metal,146146,True,False,4,False,1132.48
Accessories,JBL,Poor,Mixed,3209,True,False,0,False,218.5
Other,Generic,Excellent,Plastic,11145,True,True,3,True,950.91
Other,Panasonic,Excellent,Mixed,21558,True,True,7,True,1124.05
Accessories,Logitech,Excellent,Metal,5104,True,True,1,True,674.6
Accessories,Anker,Excellent,Plastic,2547,True,True,3,True,337.2
Refrigerator,Godrej,Poor,Mixed,12576,True,True,3,True,1703.48
Laptop,Dell,Average,Metal,39860,True,True,2,True,7663.3
Television,Vizio,Poor,Plastic,20747,True,False,3,True,2492.8
Smartphone,Xiaomi,Broken,Mixed,46944,True,True,2,True,1230.37
Refrigerator,Bosch,Excellent,Metal,112109,True,True,7,True,8516.2
Other,Panasonic,Excellent,Mixed,3241,True,True,6,True,333.72
Laptop,Acer,Good,Metal,78011,True,True,1,True,19102.57
Accessories,Samsung,Average,Plastic,13483,True,True,4,False,386.34
Accessories,Samsung,Good,Mixed,8249,True,True,0,True,939.66
Refrigerator,Bosch,Poor,Metal,145846,True,True,8,False,3235.97
Other,Toshiba,Broken,Plastic,20188,True,True,7,False,200.0
Smartphone,Realme,Good,Mixed,59575,True,True,2,True,9143.07
Laptop,Acer,Good,Plastic,99356,True,True,1,True,23615.67
Accessories,Samsung,Good,Plastic,3608,False,True,1,True,532.05
Other,Panasonic,Excellent,Mixed,8340,True,True,3,True,780.45
Accessories,Logitech,Poor,Mixed,2181,True,True,1,True,237.12
Television,LG,Average,Plastic,155817,True,True,5,True,10408.17
Accessories,Samsung,Poor,Mixed,4293,True,True,1,False,200.0
Smartphone,Motorola,Average,Mixed,49938,True,True,5,True,4431.82
Accessories,MI,Average,Plastic,4015,True,False,0,True,277.88
Refrigerator,Godrej,Average,Metal,44910,False,True,4,True,5137.87
Other,Panasonic,Average,Plastic,7217,True,False,9,True,415.55
Other,Sharp,Broken,Plastic,26951,True,True,5,False,200.0
Television,TCL,Good,Plastic,21086,True,True,1,True,4066.87
Television,Panasonic,Average,Plastic,89732,True,True,1,True,10670.11
Accessories,boAt,Good,Mixed,5030,True,True,4,True,455.08
Smartphone,Motorola,Poor,Metal,27072,True,False,3,True,890.51
Television,Vizio,Average,Plastic,45191,True,True,4,True,4290.27
Accessories,Sony,Average,Plastic,5992,True,True,3,True,422.83
Accessories,Sony,Excellent,Plastic,4949,False,True,4,True,601.75
Other,Toshiba,Broken,Plastic,21874,True,False,5,False,213.21
Accessories,Sony,Poor,Mixed,4979,True,False,3,False,207.42
Refrigerator,Godrej,Average,Metal,37261,True,True,0,True,5312.33
Laptop,HP,Excellent,Mixed,103618,True,True,2,True,25241.42
Laptop,LG,Poor,Mixed,158114,True,False,3,False,1740.32
Laptop,Sony,Poor,Metal,199415,True,False,7,False,1827.4
Refrigerator,LG,Good,Metal,139286,True,True,11,True,5783.34
Other,Philips,Average,Plastic,2235,False,True,5,True,200.0
Smartphone,Xiaomi,Good,Mixed,29124,True,True,1,True,5538.0
Laptop,MSI,Average,Metal,91850,True,True,5,True,10593.14
Other,Sharp,Average,Mixed,23603,True,True,4,True,1137.03
Accessories,Anker,Poor,Mixed,5830,True,False,1,False,218.58
Smartphone,Apple,Poor,Metal,103675,True,True,3,False,3804.97
Refrigerator,Haier,Average,Metal,58635,True,True,9,False,2022.49
Smartphone,OnePlus,Poor,Mixed,45957,True,True,5,True,2774.7
Laptop,Dell,Good,Metal,45636,True,True,3,True,9240.9
Laptop,LG,Excellent,Metal,68636,True,True,3,True,15180.25
Television,LG,Average,Plastic,135894,True,True,8,True,6475.9
Television,Sony,Broken,Mixed,97552,True,False,7,False,1070.0
Refrigerator,Godrej,Good,Metal,34260,True,True,6,False,2181.07
Smartphone,Realme,Excellent,Mixed,26442,True,True,4,True,4171.3
Smartphone,Realme,Good,Plastic,56151,True,True,5,True,6096.29
Laptop,Acer,Good,Metal,49925,True,True,2,True,11009.6
Laptop,Asus,Poor,Metal,38983,False,True,0,True,8764.74
Smartphone,Motorola,Broken,Mixed,36326,False,False,3,False,0.0
Accessories,boAt,Good,Mixed,4987,True,True,3,True,473.61
Refrigerator,Godrej,Excellent,Metal,68387,False,True,5,True,10305.53
Refrigerator,Whirlpool,Average,Plastic,25811,True,True,3,True,2847.26
Television,LG,Good,Mixed,119940,True,True,1,True,17099.16
Refrigerator,Whirlpool,Good,Metal,49741,True,True,9,True,3406.07
Refrigerator,LG,Excellent,Mixed,39601,True,True,8,True,3413.63
Other,Generic,Average,Plastic,17945,True,True,4,True,918.77
Smartphone,OnePlus,Poor,Metal,53278,True,False,7,True,923.46
Accessories,boAt,Good,Plastic,3676,True,False,2,True,294.4
Other,Generic,Excellent,Mixed,13636,True,True,5,True,910.63
Accessories,boAt,Good,Mixed,2172,True,False,3,True,327.19
Refrigerator,Bosch,Poor,Plastic,65039,True,True,3,True,4276.45
Television,TCL,Poor,Mixed,113028,True,False,4,False,964.88
Smartphone,Xiaomi,Average,Mixed,57920,True,True,2,False,3792.33
Refrigerator,Godrej,Excellent,Metal,46339,True,True,0,True,8911.03
Refrigerator,Whirlpool,Good,Metal,41042,True,True,7,True,3412.51
Television,Panasonic,Good,Mixed,85855,True,True,3,False,4942.39
Accessories,MI,Average,Plastic,5420,True,True,2,True,452.27
Laptop,HP,Good,Metal,59053,True,True,3,True,11297.95
Television,TCL,Average,Plastic,79478,True,True,8,False,2020.08
Laptop,Dell,Average,Plastic,98472,True,True,8,True,8449.89
Laptop,Acer,Excellent,Metal,92713,True,True,4,True,17710.19
Other,Generic,Poor,Metal,29966,True,True,3,True,1178.06
Other,Generic,Good,Plastic,6985,True,True,5,True,470.49
Other,Sharp,Average,Plastic,6937,True,True,0,True,647.59
Television,TCL,Average,Plastic,25515,True,False,0,False,1023.48
Smartphone,Motorola,Good,Plastic,28389,True,True,0,True,5882.06
Refrigerator,LG,Average,Plastic,80402,True,True,6,False,2882.46
Television,Sony,Excellent,Metal,225225,True,True,8,True,15312.09
Smartphone,OnePlus,Broken,Metal,40453,True,False,2,False,877.73
Laptop,Dell,Broken,Metal,115538,True,False,0,False,1285.05
Laptop,Sony,Excellent,Metal,60742,True,True,1,True,16853.98
Laptop,Apple,Broken,Metal,136047,True,False,8,False,1452.99
Television,Hisense,Excellent,Mixed,78609,True,True,6,True,7724.77
Accessories,Logitech,Good,Plastic,5704,True,True,4,False,234.2
Television,Vizio,Good,Plastic,98627,True,True,5,True,8969.25
Accessories,JBL,Good,Plastic,5215,True,True,0,True,635.7
Television,Sony,Good,Plastic,55233,True,True,9,True,3781.78
Laptop,HP,Good,Plastic,99843,True,True,8,True,10550.7
Smartphone,Vivo,Good,Mixed,12857,True,True,1,False,1429.73
Other,Philips,Good,Mixed,15629,True,True,4,True,1034.83
Other,Philips,Poor,Plastic,9074,True,True,3,False,226.11
Accessories,JBL,Average,Mixed,5374,True,True,2,False,242.21
Refrigerator,Panasonic,Average,Metal,22932,True,True,2,False,2086.93
Accessories,MI,Broken,Mixed,5306,True,False,5,False,210.57
Refrigerator,Bosch,Average,Metal,93812,True,True,12,True,3311.29
Refrigerator,Haier,Broken,Plastic,14271,True,False,13,False,2526.97
Television,Samsung,Good,Plastic,112550,True,True,3,True,12837.27
Accessories,Sony,Excellent,Plastic,4557,True,True,2,True,546.45
Smartphone,OPPO,Average,Metal,17059,True,False,4,False,1011.88
Other,Generic,Poor,Plastic,23045,True,False,8,True,347.96
Smartphone,Vivo,Good,Mixed,39297,True,True,3,False,3055.09
Smartphone,OPPO,Excellent,Mixed,32926,True,True,6,True,3805.49
Other,Sharp,Broken,Mixed,20849,True,False,1,False,234.93
Laptop,Apple,Excellent,Metal,57926,True,True,5,True,10674.73
Laptop,Sony,Average,Metal,194770,True,True,3,True,26045.71
Refrigerator,Whirlpool,Average,Metal,19374,True,True,6,True,2033.02
Smartphone,Realme,Excellent,Metal,40980,False,True,1,True,13338.49
Other,Toshiba,Excellent,Mixed,4811,False,True,5,True,476.51
Television,Samsung,Good,Mixed,109984,True,True,6,True,8703.76
Accessories,boAt,Average,Plastic,1957,True,True,1,True,260.11
Television,LG,Excellent,Plastic,212590,True,True,8,True,14589.61
Television,Hisense,Poor,Plastic,29141,True,False,7,True,2573.76
Refrigerator,Godrej,Broken,Plastic,32673,True,False,3,False,2161.48
Refrigerator,Godrej,Broken,Plastic,28213,True,False,9,False,2412.42
Smartphone,Vivo,Average,Metal,31813,True,False,7,True,1412.96
Other,Toshiba,Poor,Mixed,28701,False,False,4,False,0.0
Laptop,Lenovo,Good,Metal,42991,False,True,2,True,14308.3
Other,Panasonic,Good,Metal,15974,True,True,1,False,747.31
Laptop,LG,Average,Plastic,81204,True,True,5,True,9957.36
Laptop,Lenovo,Good,Metal,119298,True,True,4,True,20128.42
Refrigerator,Haier,Good,Metal,65850,True,False,7,True,2850.72
Smartphone,Xiaomi,Good,Mixed,52106,True,True,3,True,7210.14
Smartphone,Vivo,Excellent,Mixed,20787,True,True,1,True,4808.86
Refrigerator,Haier,Excellent,Metal,14112,True,True,6,True,2247.71
Other,Panasonic,Average,Plastic,16394,True,True,4,False,415.66
Refrigerator,Bosch,Excellent,Metal,69856,False,True,5,True,10396.52
Accessories,Apple,Average,Plastic,2694,True,True,1,False,200.0
Refrigerator,Godrej,Poor,Mixed,24442,True,False,2,True,2663.81
Refrigerator,LG,Good,Metal,27149,True,True,2,True,3990.85
Accessories,Samsung,Excellent,Plastic,13405,True,True,2,True,1344.91
Other,Panasonic,Poor,Plastic,12619,True,False,4,False,208.73
Smartphone,Apple,Excellent,Metal,72571,True,True,6,True,8352.8
Laptop,MSI,Average,Plastic,89796,True,True,9,False,3840.22
Laptop,Dell,Good,Metal,83491,True,True,4,True,13597.16
Television,Samsung,Good,Mixed,172475,True,True,9,True,9533.66
Refrigerator,Haier,Good,Metal,12430,True,True,6,True,1943.56
Smartphone,Xiaomi,Excellent,Mixed,14406,True,True,4,True,2450.89
Smartphone,Samsung,Excellent,Mixed,46146,True,True,4,True,7004.42
Laptop,Sony,Average,Metal,54395,True,True,4,True,7393.53
Refrigerator,Bosch,Average,Metal,37635,True,False,5,True,2653.43
Laptop,Asus,Average,Plastic,107441,True,True,3,True,15995.8
Other,Toshiba,Good,Mixed,10508,True,False,0,True,388.9
Accessories,MI,Average,Plastic,4834,True,False,1,False,200.0
Laptop,Dell,Excellent,Metal,40456,True,True,7,True,6051.7
Television,Vizio,Poor,Plastic,98967,True,True,2,True,7258.17
Television,Panasonic,Excellent,Plastic,59742,False,True,7,True,7567.73
Laptop,Apple,Poor,Mixed,170595,True,False,3,False,1723.6
Other,Sharp,Poor,Metal,12980,False,False,6,False,0.0
Smartphone,Motorola,Good,Mixed,32676,True,True,4,True,4442.72
Television,Samsung,Broken,Plastic,38171,True,False,3,False,905.2
Accessories,Anker,Good,Plastic,3325,True,True,2,True,376.56
Laptop,Apple,Good,Mixed,101659,True,True,2,True,20667.39
Smartphone,Nokia,Average,Mixed,44771,True,True,1,True,6269.81
Television,LG,Poor,Plastic,165304,True,True,10,False,2289.2
Accessories,Samsung,Excellent,Mixed,13256,True,True,5,True,944.12
Other,Toshiba,Excellent,Mixed,22933,True,True,2,True,2043.81
Refrigerator,Panasonic,Excellent,Metal,29933,True,True,2,True,4904.93
Accessories,Logitech,Good,Mixed,3120,True,True,1,True,419.23
Smartphone,Xiaomi,Excellent,Mixed,15306,True,True,2,True,3200.09
Accessories,MI,Average,Plastic,2423,True,True,2,False,200.0
Refrigerator,Godrej,Excellent,Metal,57783,True,True,3,True,7717.94
Laptop,Asus,Excellent,Mixed,58823,True,True,3,True,13728.49
Television,TCL,Good,Plastic,29796,True,True,2,True,4713.5
Laptop,LG,Excellent,Mixed,73044,True,True,4,True,14331.5
Refrigerator,LG,Average,Metal,147649,True,True,4,True,10724.39
Refrigerator,Godrej,Poor,Metal,27476,True,False,10,True,2814.43
Refrigerator,Samsung,Average,Metal,92756,True,True,7,True,5239.78
Other,Generic,Poor,Plastic,18197,True,True,0,False,519.98
Other,Philips,Average,Mixed,16843,True,True,2,True,1090.03
Television,Sony,Average,Mixed,109835,True,False,3,False,1115.51
Smartphone,Samsung,Average,Mixed,41718,True,True,0,False,3321.94
Accessories,Logitech,Excellent,Plastic,1055,True,True,0,True,236.9
Refrigerator,Haier,Average,Metal,43121,True,True,3,True,4232.19
Television,Panasonic,Average,Plastic,24403,True,True,3,True,3160.49
Laptop,HP,Excellent,Mixed,84772,True,True,1,True,23622.08
Refrigerator,Godrej,Poor,Metal,26794,True,False,6,True,2887.27
Laptop,LG,Good,Mixed,196087,True,False,4,True,3414.4
Smartphone,Nokia,Broken,Plastic,59853,False,False,0,False,0.0
Television,TCL,Average,Plastic,94963,True,True,6,True,6130.32
Other,Generic,Poor,Plastic,3729,True,False,3,False,200.0
Refrigerator,Godrej,Average,Metal,64312,True,True,13,True,2407.85
Accessories,boAt,Excellent,Plastic,2185,True,True,1,True,341.34
Refrigerator,Samsung,Excellent,Plastic,122729,True,True,5,True,11338.27
Smartphone,Xiaomi,Poor,Mixed,55198,True,False,2,False,915.34
Refrigerator,LG,Poor,Metal,64937,True,False,12,False,2873.73
Refrigerator,Bosch,Broken,Metal,51188,True,False,5,False,2741.99
Television,Samsung,Average,Metal,60407,True,True,6,True,4563.95
Accessories,JBL,Good,Metal,4687,True,True,3,True,469.57
Refrigerator,Panasonic,Good,Metal,14688,True,True,6,True,2139.18
Other,Toshiba,Good,Plastic,5220,True,True,1,True,568.13
Other,Generic,Poor,Metal,24207,True,True,4,False,488.61
Smartphone,OPPO,Excellent,Plastic,41225,True,True,1,True,8816.29
Smartphone,OnePlus,Broken,Mixed,58404,True,True,7,False,622.55
Other,Generic,Poor,Plastic,5632,True,True,2,False,200.0
Television,Panasonic,Good,Mixed,115909,True,True,5,True,10011.75
Refrigerator,Whirlpool,Broken,Metal,65267,True,False,12,False,2931.44
Accessories,Anker,Excellent,Plastic,1978,True,True,1,True,314.52
Television,Samsung,Excellent,Plastic,220721,True,True,5,True,22272.5
Smartphone,OPPO,Good,Mixed,37646,False,True,5,True,6411.06
Refrigerator,Haier,Poor,Metal,63470,True,True,1,True,5461.57
Smartphone,Motorola,Broken,Metal,56684,False,True,4,False,655.37
Television,Vizio,Poor,Plastic,75245,True,True,1,False,3199.33
Other,Panasonic,Good,Plastic,5498,True,True,2,True,556.09
Laptop,Dell,Good,Metal,102718,True,True,1,True,24427.62
Refrigerator,Samsung,Excellent,Plastic,123255,True,True,0,True,21703.02
Other,Generic,Excellent,Metal,4360,True,True,4,True,485.08
Smartphone,OnePlus,Average,Plastic,23288,True,False,3,True,1130.93
Accessories,Sony,Poor,Plastic,3742,True,False,4,True,264.66
Laptop,MSI,Good,Mixed,150384,True,False,1,True,3042.09
Laptop,Dell,Average,Metal,40826,True,False,8,True,3262.85
Laptop,Sony,Good,Metal,79962,True,True,9,True,7554.94
Refrigerator,Samsung,Excellent,Metal,31683,True,True,5,True,4012.87
Refrigerator,Panasonic,Excellent,Metal,29756,False,True,8,True,3029.48
Smartphone,Xiaomi,Average,Mixed,17768,True,False,7,True,1135.15
Laptop,Asus,Excellent,Metal,37541,False,True,3,True,12801.22
Refrigerator,Bosch,Average,Metal,26955,True,False,9,True,2953.03
Refrigerator,Haier,Excellent,Metal,14825,True,True,9,True,1823.73
Refrigerator,Samsung,Excellent,Plastic,90432,True,True,10,True,5247.67
Other,Sharp,Average,Plastic,8512,True,False,4,False,200.0
Laptop,HP,Good,Metal,51208,True,True,2,True,11842.83
Laptop,Asus,Broken,Metal,75768,True,False,6,False,1360.41
Television,LG,Good,Plastic,179072,True,True,11,True,7572.94
Television,LG,Poor,Plastic,236974,False,False,8,False,0.0
Accessories,JBL,Excellent,Mixed,4807,True,True,4,True,456.18
Refrigerator,Panasonic,Poor,Metal,40458,True,False,9,False,2510.44
Accessories,Apple,Good,Plastic,9711,True,True,0,True,1134.75
Other,Philips,Good,Plastic,20300,True,True,2,True,1566.12
Laptop,HP,Excellent,Metal,46207,True,True,2,True,11898.88
Laptop,MSI,Good,Mixed,166712,True,True,5,True,24144.44
Accessories,Apple,Good,Metal,13436,True,True,0,False,753.81
Television,Hisense,Broken,Plastic,103428,True,True,3,False,990.54
Television,LG,Average,Metal,176999,False,True,11,False,4118.91
Smartphone,Nokia,Average,Mixed,58061,True,True,5,True,4924.45
Other,Sharp,Good,Plastic,13312,False,True,3,True,1383.84
Accessories,boAt,Good,Plastic,1337,True,True,3,True,203.41
Smartphone,Apple,Excellent,Plastic,44392,True,True,4,True,6448.73
Other,Generic,Broken,Metal,15766,True,False,5,False,273.78
Laptop,LG,Average,Metal,134860,True,False,8,True,3461.12
Accessories,MI,Good,Plastic,3310,True,True,3,True,363.2
Smartphone,Xiaomi,Good,Metal,22902,True,True,3,True,3424.65
Other,Panasonic,Excellent,Plastic,12375,True,True,3,True,1072.69
Other,Toshiba,Broken,Plastic,16694,True,False,4,False,216.82
Refrigerator,Haier,Poor,Metal,32985,True,False,2,True,2704.0
Other,Toshiba,Good,Plastic,26712,True,True,8,False,539.93
Refrigerator,Whirlpool,Average,Metal,14626,True,True,6,True,1825.76
Refrigerator,Whirlpool,Excellent,Plastic,54029,True,True,6,True,5056.21
Smartphone,Motorola,Poor,Mixed,17726,True,False,2,False,898.16
Accessories,Apple,Poor,Plastic,4423,True,False,2,False,200.0
Television,Sony,Good,Plastic,177071,True,True,7,True,12603.21
Television,LG,Poor,Mixed,141105,True,False,5,False,1050.17
Laptop,Asus,Good,Mixed,93852,False,True,7,False,8359.19
Smartphone,Samsung,Good,Mixed,79331,True,True,3,True,10707.91
Refrigerator,Whirlpool,Average,Plastic,66149,True,True,2,True,6403.89
Smartphone,Xiaomi,Good,Mixed,53717,True,True,2,True,8550.89
Other,Panasonic,Excellent,Mixed,18156,True,True,4,False,689.37
Television,Hisense,Average,Mixed,30674,True,True,2,True,3860.43
Laptop,Apple,Good,Metal,138686,True,True,2,True,28442.64
Television,Sony,Average,Mixed,164707,True,True,7,True,8747.29
Television,Panasonic,Good,Mixed,119841,True,True,4,True,12105.95
Laptop,Dell,Excellent,Plastic,88556,True,True,6,True,13549.68
Laptop,LG,Average,Mixed,182796,True,True,6,False,9345.35
Smartphone,Apple,Poor,Mixed,87851,True,False,1,True,869.78
Accessories,Logitech,Excellent,Plastic,1771,True,True,0,True,314.21
Laptop,HP,Good,Metal,39643,True,True,8,True,4710.35
Other,Generic,Average,Metal,10290,True,True,3,True,650.25
Accessories,JBL,Average,Plastic,3679,True,True,1,True,365.38
Television,LG,Poor,Metal,190682,True,False,5,True,2894.54
Smartphone,Motorola,Good,Plastic,30471,True,True,4,True,4205.78
Accessories,MI,Good,Plastic,4401,True,True,3,True,430.76
Accessories,JBL,Good,Metal,3374,True,True,1,True,456.39
Accessories,Apple,Excellent,Plastic,8304,True,True,4,True,721.28
Accessories,Anker,Good,Mixed,2346,True,True,0,True,375.36
Smartphone,Nokia,Average,Metal,46253,True,True,2,True,5877.77
Smartphone,Xiaomi,Excellent,Mixed,34192,True,True,6,True,4070.2
Refrigerator,Whirlpool,Poor,Metal,50905,True,False,5,True,2646.13
Refrigerator,Panasonic,Average,Metal,43754,True,True,0,True,5771.24
Laptop,Lenovo,Excellent,Metal,33942,True,True,2,True,9116.98
Television,Vizio,Average,Metal,101649,True,False,1,False,1034.42
Other,Sharp,Good,Plastic,13259,True,True,6,True,753.02
Smartphone,OPPO,Good,Mixed,41003,True,True,2,True,6572.8
Other,Panasonic,Good,Plastic,25452,True,True,8,True,996.52
Accessories,MI,Good,Mixed,4950,True,True,3,True,475.02
Television,Sony,Excellent,Plastic,63606,True,True,2,True,10198.19
Television,TCL,Excellent,Plastic,61840,True,True,4,True,7580.15
Smartphone,Apple,Poor,Plastic,47253,True,True,3,True,3691.07
Refrigerator,Whirlpool,Excellent,Metal,13457,True,True,3,False,1889.75
Smartphone,OnePlus,Good,Mixed,55737,True,True,0,True,11296.09
Smartphone,Motorola,Good,Metal,31485,True,True,3,False,2392.72
Accessories,Samsung,Average,Plastic,11280,True,True,3,False,376.36
Television,Vizio,Poor,Plastic,85772,True,False,9,True,2728.36
Other,Generic,Good,Plastic,25046,True,True,2,True,1995.08
Refrigerator,Whirlpool,Broken,Metal,52266,False,False,1,False,0.0
Other,Philips,Average,Plastic,6841,True,True,0,True,638.39
Smartphone,OnePlus,Poor,Metal,30811,True,True,1,False,1710.02
Laptop,Dell,Good,Mixed,85838,True,False,5,True,3546.11
Laptop,Lenovo,Good,Plastic,61408,True,True,6,True,8660.55
Smartphone,Samsung,Poor,Plastic,103852,False,True,2,True,14297.99
Other,Philips,Good,Mixed,29615,True,True,5,True,1620.42
Accessories,boAt,Good,Plastic,5713,True,True,2,True,564.25
Other,Panasonic,Broken,Plastic,5500,True,False,1,False,200.0
Accessories,Apple,Good,Plastic,3850,True,True,0,True,534.35
Laptop,Apple,Good,Metal,125785,True,False,5,True,3578.79
Other,Philips,Average,Mixed,9853,True,True,4,True,606.26
Other,Philips,Average,Plastic,16496,True,False,5,True,416.33
Television,Sony,Excellent,Mixed,91724,True,True,1,True,15361.87
Other,Sharp,Poor,Plastic,4624,True,False,2,False,200.0
Television,Hisense,Good,Mixed,28159,True,True,9,True,2456.47
Accessories,Logitech,Good,Plastic,1226,True,True,2,True,211.3
Laptop,Acer,Good,Plastic,45686,True,True,2,True,10006.18
Accessories,Anker,Poor,Plastic,4718,True,True,0,False,200.0
Television,LG,Excellent,Plastic,133152,True,True,5,True,14243.17
Accessories,JBL,Poor,Mixed,2424,True,False,1,True,327.55
Accessories,boAt,Excellent,Mixed,2193,True,True,5,True,271.05
Refrigerator,Bosch,Average,Metal,113528,True,False,11,True,2573.75
Other,Sharp,Good,Metal,8770,True,False,4,True,497.01
Refrigerator,LG,Good,Metal,58036,True,True,12,False,1926.74
Other,Sharp,Excellent,Metal,12592,True,True,1,True,1375.09
Accessories,boAt,Excellent,Plastic,1226,False,True,4,True,200.0
Other,Generic,Average,Mixed,2175,True,True,9,True,212.16
Accessories,Apple,Average,Plastic,10253,True,True,5,True,537.4
Refrigerator,LG,Good,Metal,148256,True,True,11,True,6543.28
Television,Sony,Average,Metal,99142,True,True,6,True,6576.22
Laptop,LG,Poor,Metal,160340,True,True,9,True,7557.09
Other,Sharp,Good,Mixed,18217,True,True,5,True,1049.42
Other,Panasonic,Excellent,Plastic,11309,True,True,9,True,546.74
Accessories,JBL,Average,Mixed,5109,False,True,4,False,200.0
Refrigerator,Panasonic,Excellent,Metal,30630,True,True,7,True,3297.38
Television,LG,Excellent,Plastic,215521,False,True,5,True,34442.63
Smartphone,Vivo,Broken,Mixed,41694,True,False,5,False,960.5
Accessories,Sony,Good,Plastic,12545,True,True,0,True,1409.78
Smartphone,OPPO,Good,Metal,38143,True,True,4,True,4899.42
Other,Panasonic,Excellent,Metal,16167,False,True,6,True,1365.43
Television,Hisense,Excellent,Plastic,41197,True,True,7,True,4108.92
Refrigerator,Bosch,Good,Metal,102665,True,True,7,True,6898.31
Other,Panasonic,Broken,Metal,23208,True,False,4,False,324.43
Refrigerator,Whirlpool,Excellent,Metal,31687,True,True,5,True,3672.68
Smartphone,Motorola,Excellent,Metal,18192,True,True,1,True,4197.9
Accessories,Apple,Excellent,Plastic,4941,True,True,5,True,433.35
Television,Vizio,Average,Metal,73975,False,True,4,True,8971.92
Laptop,Asus,Good,Metal,104174,True,True,7,True,11952.95
Smartphone,Xiaomi,Average,Metal,38548,True,False,3,False,947.48
Accessories,Logitech,Average,Mixed,4035,True,True,0,False,237.39
Other,Panasonic,Poor,Plastic,23254,False,True,5,True,1029.63
Accessories,JBL,Excellent,Metal,2013,True,True,1,True,347.15
Refrigerator,Haier,Excellent,Metal,27900,True,True,6,True,3052.63
Other,Sharp,Broken,Mixed,26152,False,False,4,False,0.0
Smartphone,Nokia,Good,Mixed,59488,True,True,7,True,5315.27
Accessories,Apple,Good,Plastic,3040,False,True,3,True,338.69
Accessories,Logitech,Good,Plastic,2121,True,True,1,True,294.83
Other,Toshiba,Broken,Mixed,25435,True,True,3,False,200.0
Other,Toshiba,Poor,Mixed,29673,True,True,2,True,1268.95
Laptop,Asus,Excellent,Metal,79523,True,True,1,True,23397.46
Television,Sony,Good,Plastic,247041,True,True,7,True,15903.22
Laptop,HP,Average,Metal,69606,True,False,3,False,2781.36
Laptop,LG,Average,Plastic,58217,True,True,2,False,5335.65
Smartphone,Apple,Poor,Plastic,38816,True,True,4,True,2773.43
Other,Sharp,Poor,Metal,5253,False,False,9,True,0.0
Smartphone,OnePlus,Good,Metal,12431,True,True,2,True,2320.78
Television,Hisense,Average,Plastic,102162,True,False,4,True,2876.25
Laptop,MSI,Good,Metal,165259,True,True,3,False,15474.14
Smartphone,Motorola,Broken,Plastic,32631,True,False,5,False,831.86
Smartphone,Xiaomi,Poor,Plastic,53393,True,False,0,False,930.35
Refrigerator,Haier,Poor,Metal,69248,True,False,11,True,2434.27
Television,Vizio,Average,Plastic,67944,True,True,5,True,5409.7
Other,Toshiba,Poor,Mixed,15254,True,False,2,False,241.8
Refrigerator,Panasonic,Average,Metal,46109,True,True,3,False,2810.49
Other,Panasonic,Excellent,Mixed,19692,True,True,6,True,1211.37
Smartphone,Samsung,Poor,Metal,91518,True,True,2,True,7475.99
Other,Philips,Good,Mixed,28390,True,True,4,True,1771.5
Accessories,JBL,Good,Plastic,5492,True,True,3,True,485.32
Accessories,JBL,Poor,Plastic,1602,True,False,3,True,266.35
Refrigerator,LG,Good,Metal,68404,True,True,7,True,5280.72
Accessories,MI,Average,Mixed,4810,True,True,4,False,200.0
Refrigerator,LG,Broken,Metal,89355,True,False,7,False,2833.11
Accessories,Logitech,Broken,Plastic,4147,True,False,3,False,200.0
Smartphone,Vivo,Good,Metal,31266,True,True,3,True,4484.44
Television,Sony,Good,Mixed,158134,True,True,3,True,17467.58
Television,Vizio,Good,Plastic,64454,True,True,5,True,6351.69
Refrigerator,Bosch,Good,Metal,133553,True,True,7,True,8812.81
Refrigerator,Whirlpool,Average,Mixed,41038,True,True,6,False,2089.51
Other,Toshiba,Average,Plastic,20328,True,False,3,True,399.58
Accessories,JBL,Average,Plastic,952,True,False,1,True,262.1
Laptop,Asus,Poor,Mixed,100963,True,False,5,False,1696.02
Smartphone,Nokia,Poor,Plastic,40640,True,True,6,True,2189.19
Smartphone,Motorola,Excellent,Plastic,28748,False,True,6,True,5163.87
Smartphone,Vivo,Good,Mixed,31531,True,True,4,True,4105.22
Smartphone,Samsung,Good,Mixed,101812,True,True,1,True,17512.13
Television,TCL,Average,Plastic,18788,True,True,4,True,2417.11
Other,Philips,Good,Metal,27729,True,True,2,True,2176.63
Laptop,Apple,Average,Plastic,109267,True,True,1,True,19082.23
Refrigerator,Bosch,Average,Metal,41939,True,False,13,True,2752.85
Other,Sharp,Broken,Mixed,8971,True,False,1,False,251.48
Accessories,Samsung,Good,Plastic,4014,False,True,0,True,708.19
Laptop,LG,Broken,Metal,134819,True,False,4,False,1336.44
Other,Toshiba,Good,Metal,21644,True,True,3,True,1576.98
Smartphone,Samsung,Average,Metal,116290,True,False,2,False,1004.59
Other,Philips,Average,Mixed,28740,True,True,4,True,1428.04
Television,TCL,Excellent,Metal,106361,True,True,5,False,5216.84
Other,Philips,Average,Mixed,25238,True,True,7,True,901.21
Laptop,Sony,Broken,Plastic,174194,True,False,1,False,1174.02
Other,Sharp,Excellent,Plastic,18394,True,True,8,True,881.46
Accessories,Sony,Excellent,Plastic,3065,False,True,1,True,559.99
Other,Toshiba,Good,Mixed,24707,True,True,1,True,2077.4
Refrigerator,Panasonic,Average,Metal,67958,False,True,8,False,2173.79
Other,Generic,Good,Plastic,26871,True,True,3,True,1851.19
Television,Samsung,Good,Plastic,179899,True,False,8,True,2823.11
Smartphone,OnePlus,Good,Metal,16118,True,True,4,True,2455.36
Other,Toshiba,Poor,Plastic,17518,True,True,5,True,609.45
Smartphone,Nokia,Poor,Mixed,49941,True,False,2,True,858.42
Other,Philips,Poor,Plastic,28292,True,True,2,False,614.9
Accessories,Apple,Good,Plastic,3570,False,True,3,True,425.47
Accessories,Apple,Good,Plastic,9014,True,True,2,True,858.3
Refrigerator,Godrej,Good,Metal,18729,True,True,10,True,1928.58
Laptop,LG,Good,Metal,161555,True,True,7,True,18218.54
Accessories,Logitech,Good,Mixed,1992,True,True,3,True,256.3
Accessories,Sony,Excellent,Plastic,11166,True,True,2,True,1189.07
Smartphone,Vivo,Good,Metal,57340,True,True,7,False,2761.81
Accessories,boAt,Good,Plastic,4521,True,True,1,True,537.18
Other,Panasonic,Good,Plastic,17753,True,False,5,True,398.25
Laptop,MSI,Good,Mixed,140110,True,True,5,True,19960.64
Other,Generic,Poor,Plastic,2972,True,True,6,True,209.66
Accessories,JBL,Excellent,Plastic,2944,True,True,3,True,360.86
Smartphone,Vivo,Broken,Metal,27738,True,False,2,False,955.12
Accessories,Anker,Poor,Plastic,1983,True,True,0,False,200.0
Television,Vizio,Good,Plastic,21054,True,True,3,True,3161.27
Laptop,Dell,Average,Plastic,41575,True,False,4,False,2448.8
Smartphone,Nokia,Poor,Mixed,22972,True,False,4,False,881.61
Refrigerator,Godrej,Good,Metal,36502,False,True,2,True,6709.93
Accessories,Anker,Average,Metal,1099,True,False,1,True,331.41
Laptop,Acer,Good,Metal,45605,True,True,3,False,4817.24
Refrigerator,Godrej,Good,Metal,42490,True,True,5,True,4225.05
Refrigerator,Whirlpool,Good,Plastic,40946,True,True,2,True,5526.28
Accessories,Samsung,Poor,Mixed,3612,True,False,0,True,309.36
Other,Toshiba,Good,Mixed,27181,True,True,9,True,1013.77
Other,Generic,Poor,Plastic,11813,False,True,4,True,599.4
Accessories,Apple,Good,Plastic,14470,True,True,4,False,500.75
Laptop,LG,Average,Metal,167876,True,True,8,False,6761.59
Other,Sharp,Good,Metal,20299,False,True,1,True,2679.92
Other,Philips,Good,Mixed,13621,True,True,0,True,1450.0
Accessories,boAt,Good,Plastic,1063,False,True,4,False,200.0
Other,Generic,Poor,Metal,14808,True,True,9,False,231.16
Smartphone,Vivo,Average,Metal,31965,True,True,7,True,2454.79
Refrigerator,Samsung,Good,Plastic,146221,True,True,10,True,6713.32
Television,Vizio,Excellent,Plastic,68852,True,False,4,True,2675.62
Other,Philips,Good,Mixed,8765,True,True,2,True,796.58
Accessories,boAt,Average,Plastic,4559,True,True,0,True,457.9
Laptop,LG,Good,Metal,173701,True,True,3,True,32618.14
Refrigerator,Whirlpool,Average,Metal,31493,True,False,4,True,2654.13
Laptop,MSI,Good,Mixed,93088,True,True,2,True,20283.24
Laptop,Acer,Poor,Metal,112380,True,False,7,False,1698.21
Refrigerator,Haier,Broken,Metal,36165,True,True,2,True,1510.62
Television,LG,Average,Plastic,49187,True,True,6,True,3699.67
Laptop,MSI,Excellent,Plastic,80777,True,True,3,True,17763.62
Laptop,Sony,Excellent,Mixed,87301,True,True,3,True,19167.79
Refrigerator,LG,Excellent,Metal,108785,True,True,8,True,7957.05
Accessories,JBL,Good,Plastic,6000,True,True,1,True,657.88
Television,TCL,Excellent,Plastic,116241,True,True,7,True,9471.28
Smartphone,OPPO,Excellent,Plastic,24592,False,True,2,True,6944.81
Other,Panasonic,Average,Plastic,18793,True,True,3,True,1015.28
Accessories,Anker,Broken,Plastic,2551,True,False,2,False,200.0
Smartphone,OPPO,Good,Metal,55120,True,True,3,True,7560.74
Television,Panasonic,Average,Mixed,28344,False,False,4,False,0.0
Accessories,Sony,Good,Plastic,7314,True,True,2,False,368.88
Television,LG,Average,Mixed,113353,True,True,5,False,4015.94
Refrigerator,Haier,Average,Metal,44992,True,False,12,True,2762.83
Smartphone,Realme,Good,Metal,27961,True,True,7,True,2647.77
Laptop,Dell,Good,Metal,83160,True,True,4,True,14426.77
Accessories,Anker,Average,Plastic,994,True,True,3,True,200.0
Other,Panasonic,Poor,Mixed,9289,True,False,3,False,237.23
Smartphone,Apple,Poor,Plastic,50226,False,False,2,True,0.0
Laptop,HP,Excellent,Metal,51787,True,True,0,True,17169.97
Laptop,MSI,Excellent,Plastic,119803,True,True,0,True,37246.01
Television,TCL,Good,Plastic,70403,True,True,3,True,8713.62
Smartphone,OPPO,Good,Plastic,31675,True,True,3,True,4636.2
Refrigerator,Whirlpool,Good,Metal,16714,True,True,12,True,1659.12
Accessories,Logitech,Good,Mixed,4032,True,True,1,False,264.81
Refrigerator,Samsung,Broken,Metal,142176,True,False,12,False,2567.84
Other,Toshiba,Average,Metal,24560,True,True,5,True,1075.91
Refrigerator,Samsung,Broken,Metal,112610,True,False,6,False,2571.12
Refrigerator,Panasonic,Excellent,Metal,49902,True,True,4,True,6238.69
Refrigerator,Haier,Average,Mixed,17265,True,True,7,True,1817.4
Television,Vizio,Broken,Plastic,65172,True,False,3,False,1052.32
Smartphone,Apple,Average,Mixed,70140,True,True,7,False,2535.79
Smartphone,Xiaomi,Poor,Plastic,16577,True,False,0,False,814.02
Refrigerator,LG,Excellent,Metal,37607,False,True,1,True,9220.65
Laptop,Lenovo,Good,Metal,50150,True,True,5,True,8206.73
Other,Panasonic,Excellent,Plastic,6085,True,True,2,True,669.04
Smartphone,Samsung,Excellent,Mixed,25947,True,True,5,True,3687.99
Refrigerator,Godrej,Average,Mixed,29421,True,True,4,False,1936.79
Television,Sony,Poor,Mixed,204346,False,False,10,True,0.0
Television,Panasonic,Excellent,Plastic,106528,False,True,8,True,10948.19
Smartphone,Motorola,Good,Mixed,28288,True,True,1,True,5283.94
Laptop,Dell,Broken,Mixed,67229,True,False,9,True,2048.72
Television,Hisense,Good,Plastic,67450,True,True,3,True,8526.71
Refrigerator,Panasonic,Poor,Metal,60121,True,False,6,True,2899.72
Accessories,Apple,Excellent,Metal,6937,False,False,3,True,0.0
Refrigerator,LG,Poor,Mixed,83198,True,True,1,False,3862.36
Smartphone,Apple,Good,Mixed,46002,True,True,4,False,3068.32
Other,Sharp,Broken,Mixed,23806,True,False,7,False,220.34
Other,Toshiba,Poor,Mixed,27111,True,True,3,False,563.74
Other,Sharp,Average,Mixed,16318,True,True,3,False,462.37
Other,Generic,Broken,Mixed,5804,True,True,3,False,200.0
Television,Samsung,Average,Plastic,131750,True,True,10,False,2612.08
Accessories,JBL,Excellent,Plastic,4573,True,True,3,True,490.18
Laptop,Acer,Excellent,Metal,117139,True,True,6,True,17340.77
Other,Generic,Good,Mixed,18220,True,False,7,True,446.06
Laptop,Asus,Poor,Mixed,54500,True,True,1,False,3880.83
Refrigerator,Whirlpool,Broken,Metal,67608,True,True,2,False,1501.87
Television,Panasonic,Good,Plastic,110257,True,True,7,True,7986.37
Laptop,Apple,Average,Metal,59188,True,True,8,False,3026.18
Other,Sharp,Good,Plastic,9147,True,True,7,True,503.2
Smartphone,Xiaomi,Good,Mixed,56528,True,False,6,True,1379.49
Laptop,Dell,Excellent,Metal,69366,True,True,3,True,14834.71
Laptop,MSI,Good,Metal,90216,True,True,0,True,24788.9
Refrigerator,Bosch,Poor,Metal,102881,True,False,3,False,2474.62
Refrigerator,Panasonic,Average,Metal,13509,True,False,2,True,2804.61
Smartphone,Xiaomi,Good,Mixed,58054,True,True,1,True,10765.58
Accessories,Sony,Good,Metal,8451,True,True,0,True,1003.31
Accessories,Samsung,Average,Plastic,12790,True,True,3,False,405.43
Television,Samsung,Excellent,Plastic,201085,True,True,0,True,38919.23
Accessories,boAt,Good,Plastic,4265,True,True,5,False,200.0
Television,Hisense,Average,Plastic,79283,False,True,3,True,10379.88
Accessories,JBL,Average,Plastic,1166,True,True,2,True,200.0
Accessories,JBL,Average,Plastic,5897,True,True,1,True,510.62
Refrigerator,Samsung,Broken,Metal,143233,True,False,12,False,2825.64
Other,Panasonic,Average,Metal,23226,True,True,0,False,967.06
Refrigerator,Haier,Excellent,Metal,17080,True,True,4,True,2751.29
Smartphone,Vivo,Poor,Mixed,21589,True,True,5,False,955.22
Refrigerator,Samsung,Poor,Metal,89006,True,True,3,False,3377.16
Other,Generic,Poor,Metal,21905,True,True,3,True,903.99
Other,Generic,Average,Mixed,15194,True,True,3,True,870.29
Laptop,Lenovo,Good,Metal,31929,True,True,6,False,3085.31
Refrigerator,Panasonic,Good,Metal,35199,True,True,6,True,3501.78
Laptop,Acer,Average,Plastic,65063,True,True,1,True,12593.89
Smartphone,Xiaomi,Average,Plastic,30733,True,True,2,True,4037.77
Accessories,Sony,Good,Plastic,13088,True,True,1,True,1341.74
Other,Philips,Average,Mixed,26565,True,False,0,True,455.32
Accessories,Apple,Average,Mixed,13051,False,False,1,False,0.0
Laptop,HP,Good,Plastic,71306,True,True,1,False,8704.74
Other,Panasonic,Poor,Mixed,5862,True,False,3,True,378.19
Other,Generic,Good,Mixed,23068,False,True,2,True,2840.45
Refrigerator,Samsung,Good,Metal,63063,True,True,3,True,7204.87
Smartphone,Apple,Good,Plastic,94349,True,True,1,True,16027.3
Other,Toshiba,Good,Plastic,11806,True,True,2,True,1025.35
Other,Sharp,Excellent,Plastic,16220,True,True,5,True,1044.74
Laptop,MSI,Good,Metal,53285,True,True,7,True,6807.18
Refrigerator,Haier,Average,Metal,58813,True,False,2,True,2645.93
Other,Sharp,Excellent,Mixed,27975,True,True,8,True,1234.92
Other,Toshiba,Good,Metal,2263,True,True,4,True,323.46
Laptop,LG,Good,Plastic,75151,True,False,3,True,3405.19
Laptop,Sony,Average,Mixed,176683,True,True,3,True,23999.95
Smartphone,Xiaomi,Good,Metal,24594,True,True,6,False,1405.96
Refrigerator,Godrej,Good,Metal,27166,True,True,5,True,3019.69
Smartphone,Realme,Good,Mixed,58634,True,True,5,True,6185.9
Other,Toshiba,Good,Metal,21874,False,True,8,True,1187.18
Television,Samsung,Excellent,Plastic,174642,True,True,11,True,9046.88
Accessories,Logitech,Good,Plastic,5586,True,True,2,True,546.11
Accessories,JBL,Good,Plastic,1608,True,True,4,True,224.4
Laptop,LG,Average,Plastic,95254,True,True,1,True,18257.68
Accessories,Logitech,Poor,Plastic,1761,True,True,1,False,200.0
Smartphone,Xiaomi,Average,Mixed,20449,True,False,5,True,1379.06
Laptop,MSI,Good,Metal,179607,True,True,3,False,17116.13
Refrigerator,Godrej,Good,Metal,22485,True,True,9,True,2190.05
Accessories,boAt,Good,Plastic,2999,True,True,0,True,401.73
Laptop,Acer,Broken,Plastic,31752,True,False,5,False,1258.65
Smartphone,Vivo,Average,Mixed,33270,True,True,4,True,3456.15
Accessories,boAt,Good,Plastic,885,False,True,2,True,200.0
Smartphone,Motorola,Average,Mixed,50224,True,True,0,True,8238.12
Other,Generic,Average,Mixed,9229,True,True,4,True,564.5
Refrigerator,LG,Average,Metal,39442,True,True,10,False,1633.46
Laptop,Sony,Broken,Plastic,118936,True,False,8,True,1810.85
